{
  "3.14": {
    "branch": "main",
    "pep": 745,
    "status": "feature",
    "first_release": "2025-10-01",
    "end_of_life": "2030-10",
    "release_manager": "Hugo van Kemenade"
  },
  "3.13": {
    "branch": "3.13",
    "pep": 719,
    "status": "bugfix",
    "first_release": "2024-10-07",
    "end_of_life": "2029-10",
    "release_manager": "Thomas Wouters"
  },
  "3.12": {
    "branch": "3.12",
    "pep": 693,
    "status": "bugfix",
    "first_release": "2023-10-02",
    "end_of_life": "2028-10",
    "release_manager": "Thomas Wouters"
  },
  "3.11": {
    "branch": "3.11",
    "pep": 664,
    "status": "security",
    "first_release": "2022-10-24",
    "end_of_life": "2027-10",
    "release_manager": "Pablo Galindo Salgado"
  },
  "3.10": {
    "branch": "3.10",
    "pep": 619,
    "status": "security",
    "first_release": "2021-10-04",
    "end_of_life": "2026-10",
    "release_manager": "Pablo Galindo Salgado"
  },
  "3.9": {
    "branch": "3.9",
    "pep": 596,
    "status": "security",
    "first_release": "2020-10-05",
    "end_of_life": "2025-10",
    "release_manager": "Łukasz Langa"
  },
  "3.8": {
    "branch": "3.8",
    "pep": 569,
    "status": "end-of-life",
    "first_release": "2019-10-14",
    "end_of_life": "2024-10-07",
    "release_manager": "Łukasz Langa"
  },
  "3.7": {
    "branch": "3.7",
    "pep": 537,
    "status": "end-of-life",
    "first_release": "2018-06-27",
    "end_of_life": "2023-06-27",
    "release_manager": "Ned Deily"
  },
  "3.6": {
    "branch": "3.6",
    "pep": 494,
    "status": "end-of-life",
    "first_release": "2016-12-23",
    "end_of_life": "2021-12-23",
    "release_manager": "Ned Deily"
  },
  "3.5": {
    "branch": "3.5",
    "pep": 478,
    "status": "end-of-life",
    "first_release": "2015-09-13",
    "end_of_life": "2020-09-30",
    "release_manager": "Larry Hastings"
  },
  "3.4": {
    "branch": "3.4",
    "pep": 429,
    "status": "end-of-life",
    "first_release": "2014-03-16",
    "end_of_life": "2019-03-18",
    "release_manager": "Larry Hastings"
  },
  "3.3": {
    "branch": "3.3",
    "pep": 398,
    "status": "end-of-life",
    "first_release": "2012-09-29",
    "end_of_life": "2017-09-29",
    "release_manager": "Georg Brandl, Ned Deily (3.3.7+)"
  },
  "3.2": {
    "branch": "3.2",
    "pep": 392,
    "status": "end-of-life",
    "first_release": "2011-02-20",
    "end_of_life": "2016-02-20",
    "release_manager": "Georg Brandl"
  },
  "2.7": {
    "branch": "2.7",
    "pep": 373,
    "status": "end-of-life",
    "first_release": "2010-07-03",
    "end_of_life": "2020-01-01",
    "release_manager": "Benjamin Peterson"
  },
  "3.1": {
    "branch": "3.1",
    "pep": 375,
    "status": "end-of-life",
    "first_release": "2009-06-27",
    "end_of_life": "2012-04-09",
    "release_manager": "Benjamin Peterson"
  },
  "3.0": {
    "branch": "3.0",
    "pep": 361,
    "status": "end-of-life",
    "first_release": "2008-12-03",
    "end_of_life": "2009-06-27",
    "release_manager": "Barry Warsaw"
  },
  "2.6": {
    "branch": "2.6",
    "pep": 361,
    "status": "end-of-life",
    "first_release": "2008-10-01",
    "end_of_life": "2013-10-29",
    "release_manager": "Barry Warsaw"
  }
}
